restaurant_id,address,neighborhood,cross_street,parking,dining,cuisines,hours,phone,website,payment,dress,chef,catering,private_facilities
1,4341 Mackenzie Courts East Lavonneborough CT,Haven,Hammes Forest and Amir Union,Nulla veniam debitis dolorem tempora. Cupiditate veniam aspernatur eum eius et exercitationem. Sunt quasi est nesciunt vel. Aut fugiat similique voluptatem porro enim in saepe harum nihil.,Handcrafted,"Concrete, Plastic","Monday - Friday, 6:00am - 2:00pm",996.290.1029,http://kathryn.com,"Visa, Discover, MasterCard",Awesome Wooden,Talia Bauch,null,Non eius occaecati expedita quos. At ullam inventore repellendus et qui consectetur sapiente et. Perspiciatis dolor sunt error fuga neque. Aut esse sit quod.
2,38426 Rau Knoll North Jarrodberg MS,Port,Joe Radial and Hahn Shoal,Labore repellat qui rem consequatur. Doloribus omnis reiciendis aut.,Generic,Concrete,"Monday - Friday, 3:00am - 9:00pm",576.110.7594,https://christop.net,"Visa, Discover, MasterCard",Refined Plastic,Miss Chauncey Hahn,Alias dolores aut a iusto. Exercitationem perferendis magnam dolores delectus nihil consequatur aliquam hic. Dolore dolor illum dolor quam perferendis veritatis et et est.,null
3,025 Elbert Forest Murrayberg OH,Chester,Rutherford Landing and Schaden Mountain,Expedita iste consequuntur aut vero excepturi voluptatem. Voluptatem voluptas qui dolores ea debitis accusamus vel odio facere. Laboriosam dolore ab aut explicabo ea accusamus vero repellendus. Expedita eos animi inventore quisquam ab optio adipisci. Ut et et aut iste aut qui. Ut quia quia.,Incredible,"Frozen, Wooden","Monday - Friday, 10:00am - 2:00pm",044.056.5619,https://jerrell.name,"Visa, Discover, MasterCard",Ergonomic Wooden,Ruthe Turner,Non repellat illo. Quae asperiores quia est ea omnis. Est sed quos eum sunt commodi magni. Mollitia aliquid voluptatum est in assumenda harum saepe voluptatibus praesentium.,null
4,978 Hermiston Dam McKenzieside SC,Mouth,Leanne Islands and Joey Wells,Est dolore quidem optio facilis nihil fugit vel omnis. Cumque vitae molestias. Itaque consequatur est et. Voluptate quo minus aspernatur vitae vero. Cumque voluptatem error dolor. Quae perferendis aliquid adipisci ut voluptate eos expedita esse in.,Handcrafted,Steel,"Monday - Friday, 4:00am - 7:00pm",1-968-840-6873 x43336,https://gianni.info,"Visa, Discover, MasterCard",Sleek Steel,Omari Greenholt,Est vero optio iusto quia natus sint est assumenda. Nihil tempore in facilis possimus consectetur. Ex consequatur nesciunt.,null
5,64212 Christiansen Ferry Port Vida KS,Furt,Toy Port and Schuster Unions,Fuga ut adipisci odit tempora saepe. Neque adipisci fuga non aut cum. Qui minima est veniam laborum rerum. Alias occaecati quis velit nulla dignissimos illum reiciendis.,Ergonomic,"Fresh, Frozen","Monday - Friday, 3:00am - 2:00pm",(849) 701-5374 x10901,https://nikita.com,"Visa, Discover, MasterCard",Incredible Fresh,Russell Boyle DDS,Occaecati adipisci nihil quod vitae pariatur repudiandae voluptatem quidem. Minus praesentium dolore qui repellat optio. Ut atque consequatur repellendus. Nisi ut quisquam minus in est. Sequi laboriosam ad ipsam corporis occaecati officia deserunt blanditiis quae.,Quos ex eveniet in. Adipisci fuga sed. Suscipit cupiditate facilis. Qui illo inventore quia.
6,228 Schneider Hill Friesenton CO,View,Hammes Street and Richmond Road,Officiis cumque et est rem placeat quibusdam harum ut cumque. Ducimus est accusantium pariatur. Et at ut est cumque eos et voluptate. Est ut modi fuga quod. Voluptatem iure quae ut est debitis et.,Handcrafted,"Frozen, Granite","Monday - Friday, 4:00am - 2:00pm",1-324-603-5922 x69701,http://connor.info,"Visa, Discover, MasterCard",Incredible Plastic,Kyla Glover,null,null
7,67836 Jamaal Cliff Port Margot SC,Shire,Karlee Lights and Nikolaus Harbors,Autem est maxime sapiente et et ea minima expedita. Ut exercitationem corporis. Sunt eum sint enim voluptatibus. Sapiente quis rerum perferendis tempora qui pariatur. Ut quas saepe et repellendus et et nulla.,Tasty,"Frozen, Metal, Concrete","Monday - Friday, 9:00am - 2:00pm",039.154.4038,http://jensen.name,"Visa, Discover, MasterCard",Tasty Frozen,Liam Greenfelder DVM,Optio officia aspernatur est. Laboriosam aut aut qui dolor fugit culpa laudantium. Fuga consequuntur quia assumenda.,null
8,9757 Harber Passage Padbergshire CO,Shire,Schimmel Squares and Goyette Avenue,Et blanditiis dolor voluptatem id et tenetur qui et. Similique doloribus itaque asperiores odio et aperiam.,Ergonomic,Plastic,"Monday - Friday, 4:00am - 2:00pm",784.754.6085,https://asha.info,"Visa, Discover, MasterCard",Small Cotton,Cora Brown,null,Animi quaerat et dolor ullam quas minima quibusdam sed sed. Est quo neque qui est est nobis aut suscipit. Nam ducimus est hic excepturi. Nihil sed repudiandae ipsa iusto.
9,6657 Kozey Rest Port Orlomouth MA,View,Anissa Station and Windler Turnpike,Atque itaque error omnis sequi quaerat laudantium. Qui sed error doloribus dolores rerum. Temporibus fugiat dolores velit. Consequatur assumenda quidem.,Practical,"Granite, Granite, Frozen","Monday - Friday, 10:00am - 8:00pm",490.804.5557,http://don.org,"Visa, Discover, MasterCard",Awesome Wooden,Camilla Bergstrom,Molestiae quisquam laboriosam ex saepe. Sed quaerat sunt odit maxime odit eaque asperiores possimus sint. Quo repudiandae facere. Quia quisquam necessitatibus atque vel et amet voluptatibus enim similique.,null
10,5022 Monahan Lodge Port Selenastad OH,View,Graham River and Sophie View,Adipisci velit dolores est odit perferendis. Natus perferendis temporibus labore autem aspernatur iure commodi doloremque provident.,Handmade,"Wooden, Frozen","Monday - Friday, 6:00am - 3:00pm",1-346-552-8262,https://presley.net,"Visa, Discover, MasterCard",Practical Steel,Angus Renner,null,Eum repellendus harum exercitationem consequatur in sit dolores laboriosam. Enim ipsa voluptatum iusto rerum consequatur velit. Quibusdam laborum non.
11,189 Ally Rest Talonmouth NM,Haven,Greenfelder Ville and Keeley Common,Ex ea dolorem consequatur blanditiis velit molestiae sit et rerum. Delectus et accusamus. Quia fugiat repudiandae dolore quo itaque amet. Numquam doloremque placeat. Voluptas fugit provident ut rerum est recusandae suscipit nisi. Vitae quidem eveniet voluptates sed atque dolorem cupiditate laboriosam.,Incredible,"Metal, Plastic, Rubber","Monday - Friday, 10:00am - 4:00pm",1-662-143-8761 x64457,http://sierra.org,"Visa, Discover, MasterCard",Licensed Steel,Kathleen Gulgowski,Consequatur consequatur suscipit. Quia corporis eaque est ea autem blanditiis debitis voluptatem et. Laboriosam dolores quo consequuntur voluptate delectus eaque. Omnis qui ea qui possimus qui. Quos ducimus culpa tenetur deleniti natus explicabo sit nam.,null
12,67224 Brayan Shoals Wehnermouth SC,View,Schiller Tunnel and Donnie Throughway,Eos voluptas omnis sapiente rerum eveniet. Autem in sapiente ipsa molestias sint recusandae officia alias ipsa. Et tempora a iure cupiditate in inventore fuga. Consectetur porro ex cumque illo quis aliquid fugit rem cumque. Et sed dicta eaque occaecati. At provident ea eius.,Small,Fresh,"Monday - Friday, 7:00am - 6:00pm",646.588.7806,https://blanche.org,"Visa, Discover, MasterCard",Gorgeous Steel,Paul McCullough,null,null
13,650 Klein Highway Rippinburgh UT,Burgh,Maurice Walks and Candelario Harbor,Cupiditate odit blanditiis nemo perferendis unde nisi ut. Hic quasi rem voluptatem reprehenderit in itaque placeat. Dolores consequuntur voluptas excepturi. Nihil voluptate cumque iste consectetur saepe vero. Cum et et. Facilis et perferendis consectetur nihil qui assumenda ipsam ipsam.,Tasty,Plastic,"Monday - Friday, 1:00am - 4:00pm",1-966-953-0848 x5556,http://marcel.net,"Visa, Discover, MasterCard",Rustic Plastic,Elissa Keebler,Voluptas neque quas voluptatibus totam eum quia iure veniam tenetur. Nihil voluptate qui voluptatem voluptatem est autem et unde ut. Autem quia vero eius magnam eum distinctio enim.,null
14,5697 Sasha Centers Schmidtville UT,Furt,Wehner Mill and Amelia Villages,Culpa neque et amet assumenda animi repellat. Magni quaerat natus modi fuga exercitationem est. Eos alias sint voluptas eum. Architecto nihil repellendus laboriosam tenetur esse ea.,Ergonomic,"Fresh, Metal","Monday - Friday, 3:00am - 11:00pm",(668) 980-3627 x507,https://rupert.net,"Visa, Discover, MasterCard",Handcrafted Steel,Fannie Hermann,null,Voluptates deserunt nihil autem facere qui molestias velit consequatur similique. Quia ex laboriosam quia eos. Dolore ad vel quo sunt quia atque quidem.
15,2387 Abbott Junction New Mara VA,Mouth,Nakia Freeway and Nasir Summit,Nam ut sapiente ea neque praesentium. Sunt nemo quia laboriosam aut nihil nisi. Exercitationem ipsam cumque laboriosam nostrum vitae consequatur pariatur corporis.,Handcrafted,Rubber,"Monday - Friday, 2:00am - 6:00pm",1-781-220-6738,http://gracie.com,"Visa, Discover, MasterCard",Small Plastic,Alyce Hermann V,null,Reprehenderit laboriosam deleniti itaque ad. Rerum beatae veniam distinctio aspernatur aspernatur architecto praesentium et at. Suscipit odio et et sit qui cumque numquam debitis.
16,422 Ullrich Roads Abbyton ME,Shire,Kuvalis Underpass and Kuhn Ville,Eos voluptatem ullam. Esse consequuntur dolor repellat consequuntur sunt enim maxime. Consectetur unde doloribus qui temporibus quasi dolorum.,Handcrafted,Wooden,"Monday - Friday, 7:00am - 2:00pm",1-319-430-9124,http://bradly.org,"Visa, Discover, MasterCard",Small Cotton,Anne Huels,null,Exercitationem voluptatum voluptatem. Voluptatem ea dolores aliquam natus quasi debitis. Enim sint labore quos voluptatem. Ut sunt ipsa nihil eveniet.
17,065 Kirsten Village East Luther KY,Mouth,Tremayne Brook and Murazik Corner,Deserunt non excepturi est illum quos facilis. Et velit mollitia provident architecto illum est repudiandae. Omnis sint est ea accusamus. Illo eligendi consectetur molestiae. Eos eius dolorum et quis inventore.,Ergonomic,"Metal, Concrete, Concrete","Monday - Friday, 10:00am - 9:00pm",(406) 130-0729 x29745,http://jorge.org,"Visa, Discover, MasterCard",Tasty Frozen,Albin Rice,null,Praesentium saepe accusantium doloremque quo earum et explicabo earum quo. Aspernatur voluptas aperiam velit. Sit et et sit praesentium dignissimos ab sint sed.
18,177 Sanford Burg West Keyonburgh TX,Borough,Hills Mission and Jensen Mews,Et pariatur temporibus mollitia impedit nihil molestias. Vel non numquam eos ut porro pariatur aut velit molestiae. Enim rem labore iste eos nobis quis in sit.,Incredible,Metal,"Monday - Friday, 8:00am - 5:00pm",340.516.8804 x2678,http://destin.net,"Visa, Discover, MasterCard",Awesome Steel,Susanna Wehner,Sed et commodi corrupti dolores. Voluptate voluptatem est ipsam ut dolores error libero. Recusandae debitis voluptatibus aspernatur cum voluptas inventore. Sunt vero ut autem fugit nesciunt neque alias maxime qui.,Ut in ut perferendis quo quo tenetur molestiae. Consequatur ut ut. Ullam temporibus molestias quo.
19,6774 Denesik Shore Port Harrison LA,Borough,Powlowski Oval and Roberta Throughway,Consequatur et nihil eos ut voluptatem doloribus aperiam. Ducimus quia quod vero accusamus et necessitatibus dolorem. Assumenda rerum est cumque animi ut autem aliquam tempore. Explicabo quas occaecati quibusdam rerum ut voluptatem rerum consectetur. Sit distinctio consequuntur exercitationem velit libero aut eius et velit.,Refined,Soft,"Monday - Friday, 7:00am - 6:00pm",172.664.9296 x386,https://ruby.org,"Visa, Discover, MasterCard",Handmade Frozen,Eda Altenwerth,Consequatur temporibus veniam dolorum reprehenderit debitis omnis. Quia inventore qui. Tempore nisi iusto magnam enim quae non sed enim qui. Et vel suscipit deleniti eius aut pariatur deleniti ut.,Necessitatibus sapiente dolor ea commodi velit similique suscipit rerum ut. Nesciunt eius est quasi aliquam assumenda quia quam enim praesentium. Sunt totam iusto voluptas quia et nihil sunt dolores.
20,55066 Jacobs Courts Rempelfurt MN,Berg,Makenzie Road and Wyman Parkways,Est culpa autem rerum quisquam blanditiis nemo. Saepe impedit sed magni beatae aut in cumque omnis maxime. Explicabo voluptatem nobis qui tenetur qui.,Small,"Metal, Frozen","Monday - Friday, 12:00am - 1:00pm",1-239-606-7244 x59284,http://josiane.info,"Visa, Discover, MasterCard",Ergonomic Wooden,Eladio Brakus,null,null
21,11232 McGlynn Union Rolfsonside WY,Mouth,Cronin Club and Wuckert Mountains,Ea voluptates mollitia consectetur tempora aut. Vitae sed aut sit odio voluptates et soluta id veritatis.,Handcrafted,"Granite, Cotton, Concrete","Monday - Friday, 9:00am - 1:00pm",(133) 589-2284 x721,http://ayla.com,"Visa, Discover, MasterCard",Gorgeous Fresh,Mrs. Aron Larson,Reprehenderit et quos. Ut adipisci quam voluptatem distinctio. Et omnis temporibus distinctio tempore qui aut. Nihil eaque quos consequatur sint. Molestiae pariatur aut veritatis repudiandae qui laborum tenetur sed. Autem voluptatem fugiat sed provident itaque est eligendi.,null
22,2999 John Drives Conroyport AR,Borough,Mara Estate and Pfeffer Turnpike,Beatae et repellat asperiores. Et architecto culpa repudiandae fugit suscipit. Quia repudiandae facere dolor tenetur quia non quis voluptatem. Sunt ut est quaerat id et neque aut.,Intelligent,"Fresh, Rubber, Cotton","Monday - Friday, 10:00am - 4:00pm",335-964-1905 x871,http://josiane.info,"Visa, Discover, MasterCard",Handcrafted Granite,Korbin Dare,null,null
23,94952 Kovacek Hollow North Eli WI,Stad,Timothy Lodge and Dexter Falls,Eos minima rerum ab qui est. Doloremque cum qui quae.,Refined,Rubber,"Monday - Friday, 9:00am - 5:00pm",1-809-765-0165 x29554,https://milford.name,"Visa, Discover, MasterCard",Generic Wooden,Donny Reinger,null,Dicta nemo quo ipsam asperiores natus aut ut et. Consequatur quam quidem quaerat consequatur voluptatem sint ullam dolores fugit. Quia iste molestiae saepe. Non possimus deserunt voluptatem sit deleniti et voluptatem consequatur ut.
24,363 Sierra Village North Brielleberg KS,Furt,Royce Squares and Metz Turnpike,Mollitia et molestiae necessitatibus recusandae neque et consequatur. Rerum deserunt animi.,Licensed,"Fresh, Metal, Frozen","Monday - Friday, 7:00am - 8:00pm",(695) 140-1289,https://amina.info,"Visa, Discover, MasterCard",Generic Frozen,Leland Gutmann,Libero unde sed aspernatur. Dolores asperiores molestias cum omnis. Et consectetur quis accusantium blanditiis odio a placeat sint. Ut veniam et eius.,Aut at nam aut a dolorem quibusdam. Porro est quis iusto ratione ipsam est. Amet consectetur quia neque voluptatem asperiores officiis officia. Necessitatibus quos animi blanditiis aut qui aut cupiditate iusto ut. Odit explicabo dicta. Ipsam ut iusto aut consequuntur.
25,1921 Kulas Grove Lake Beauport MI,Port,Mills Highway and Novella Plains,Possimus in omnis eligendi maiores alias architecto placeat tenetur laudantium. Recusandae consequatur illo quia quia maxime sint eos.,Gorgeous,Frozen,"Monday - Friday, 2:00am - 5:00pm",1-271-743-5874,https://roxanne.biz,"Visa, Discover, MasterCard",Rustic Steel,Susanna Wuckert Sr.,null,null
26,241 Ora Center East Ferne NV,View,Ward Ports and Reginald Locks,Nesciunt quaerat et repudiandae quod dolor. Ut ab et minus unde in omnis sit ducimus nihil.,Awesome,Granite,"Monday - Friday, 3:00am - 7:00pm",356.602.0063 x72483,http://gregg.com,"Visa, Discover, MasterCard",Generic Steel,Adrain Reilly,null,Nihil magnam libero voluptatem est. Temporibus sequi quia dolorum minus quos. Animi temporibus ut.
27,350 Schoen Orchard East Cristina WY,Stad,Mraz Meadow and Carter Throughway,Vitae eum et occaecati et quod eos. Libero tenetur enim vitae vero.,Intelligent,"Metal, Wooden, Wooden","Monday - Friday, 3:00am - 5:00pm",1-453-437-7380 x82809,http://hilda.net,"Visa, Discover, MasterCard",Licensed Metal,Lottie Glover,null,null
28,038 Ruecker Extensions Margiehaven KS,Stad,Nikolaus Plains and Cole Green,Quis est eligendi et architecto eaque. Facere ratione odit vitae ad omnis. Esse ut reiciendis quae numquam repudiandae autem explicabo. Nostrum repudiandae nam voluptas temporibus dolor officia sit explicabo. Quod ea fuga consectetur assumenda modi reprehenderit laborum aut non.,Licensed,"Rubber, Plastic","Monday - Friday, 2:00am - 12:00pm",(061) 132-2095 x855,https://robin.net,"Visa, Discover, MasterCard",Gorgeous Concrete,Raymundo Considine,null,null
29,50246 Konopelski Roads East Winnifred RI,Ville,Jaunita View and Jazlyn Plaza,Nisi tenetur expedita ut. Nihil quae possimus ut nulla sed quia. Minus distinctio tenetur sit dolor nesciunt nam officiis sequi mollitia.,Refined,"Rubber, Concrete, Frozen","Monday - Friday, 12:00am - 9:00pm",(610) 088-0055,https://marco.net,"Visa, Discover, MasterCard",Ergonomic Soft,Alec O'Kon,Quia saepe voluptatem placeat cumque dolore amet molestiae dolores ab. Blanditiis alias deserunt quia qui odit aut et molestiae. Quo inventore voluptatem eaque quos architecto. Dolores placeat minima pariatur ipsa voluptas.,null
30,2714 Kari Lane Lelaberg MA,Burgh,Boyer Tunnel and Abby Rest,Vitae esse iure et corporis. Sed et qui amet est. Quo nam earum.,Tasty,"Frozen, Rubber","Monday - Friday, 5:00am - 8:00pm",(093) 945-0958,https://salvador.org,"Visa, Discover, MasterCard",Sleek Cotton,Mustafa Renner Jr.,null,null
31,7401 Rosenbaum Fields Port Isaiaston SD,Mouth,Thiel Track and Markus Locks,Rerum alias voluptatibus adipisci omnis deleniti. Nisi dolorum quisquam natus. Ab nobis voluptatibus reiciendis et dolorum.,Refined,"Steel, Rubber, Wooden","Monday - Friday, 4:00am - 4:00pm",1-830-909-9530,http://alana.name,"Visa, Discover, MasterCard",Handmade Metal,Luisa Feest,null,null
32,3002 Ulises Spurs Koelpinbury ME,View,Noemy Burgs and Reichel Path,Nisi velit amet tempore odit consequatur ea optio animi ratione. Deleniti ut veniam. Beatae itaque fugit vitae magni rerum rerum. Cumque explicabo minima consequatur dicta nostrum et. Ut delectus numquam.,Handcrafted,"Rubber, Metal","Monday - Friday, 8:00am - 11:00pm",(655) 442-7794,http://filomena.biz,"Visa, Discover, MasterCard",Tasty Rubber,Loraine Predovic,null,Est maxime quas. Aliquid et eos totam doloremque consequatur et. Id recusandae molestiae mollitia. Ipsum iusto minima autem ab ratione.
33,6579 Heathcote Station South Gerald CA,Port,Abernathy Ville and Syble Fall,Excepturi dolores porro est in. Consequatur omnis dicta quisquam nemo illum sed exercitationem. Fugiat praesentium officia sunt unde.,Licensed,"Concrete, Granite, Plastic","Monday - Friday, 8:00am - 11:00pm",(501) 179-9796 x3066,https://addison.info,"Visa, Discover, MasterCard",Awesome Frozen,Maeve Bergnaum,null,null
34,636 Yolanda Gateway North Winfield AK,Berg,Hudson Village and Pollich Common,Similique ut eum officia ea excepturi sed quidem illo consequuntur. Sint ab veniam voluptas exercitationem fugit iste non illum.,Rustic,Wooden,"Monday - Friday, 3:00am - 11:00pm",(953) 271-3214 x345,http://alexander.org,"Visa, Discover, MasterCard",Handmade Concrete,Mrs. Brandy White,null,null
35,753 Selina Loaf Wendellstad CO,Fort,Walsh Fall and Trycia Court,Eos sapiente facilis qui quod harum quod odit. Harum ea ut ab qui corporis omnis eaque a nisi. Nemo ipsum aut sit quo.,Intelligent,Wooden,"Monday - Friday, 9:00am - 1:00pm",655.552.0344 x22623,https://melody.biz,"Visa, Discover, MasterCard",Tasty Wooden,Raul Shanahan,null,null
36,81716 Toni Centers Millsshire MO,Town,Beatty Flats and Auer Avenue,Rerum pariatur et eius incidunt animi cumque. Eveniet et nihil minima aut. Libero ex repudiandae. Ullam architecto rerum. Rerum enim ratione minima est quod expedita provident. Placeat sed iure.,Gorgeous,"Cotton, Wooden","Monday - Friday, 7:00am - 6:00pm",1-540-516-6138 x73863,https://melvin.net,"Visa, Discover, MasterCard",Ergonomic Cotton,Mr. Torrey Hackett,null,null
37,8220 Bogan Radial Blandastad ID,Shire,Jonas Tunnel and Zander Creek,Voluptatem quia quisquam ea. Quidem culpa est natus. Nobis illo quod qui quibusdam vel autem possimus.,Awesome,Soft,"Monday - Friday, 5:00am - 2:00pm",1-465-832-8468 x232,https://beaulah.info,"Visa, Discover, MasterCard",Unbranded Cotton,Riley Abshire,Voluptate vitae perferendis praesentium exercitationem molestias sed. Neque sit pariatur. Molestiae natus est eos.,null
38,6810 Jasen Center Yostburgh WY,Town,Lind Stream and Kristopher Point,Quia voluptas omnis nihil. Quia eum eos vitae esse aspernatur omnis vel officiis accusantium. Occaecati dolor accusantium. Et esse ullam eos distinctio ut suscipit exercitationem repellendus. Assumenda qui quia quis sit.,Incredible,Frozen,"Monday - Friday, 3:00am - 9:00pm",1-381-712-7766 x3286,http://otto.info,"Visa, Discover, MasterCard",Sleek Frozen,Darron Powlowski,Aut sequi minus voluptas eveniet qui enim sed. Magni quia omnis assumenda officia omnis iusto qui eligendi. Consequatur exercitationem aliquid rem ut laborum hic maxime.,Distinctio laudantium enim numquam autem nesciunt et. Aut molestias aut vero excepturi sed omnis laborum voluptas autem. Dolorem voluptas rerum. At et quidem repellendus iste illo quaerat et officiis aut. Eveniet esse rerum nihil repudiandae eos voluptas quaerat. Et eum rerum possimus voluptate dolores quis est esse aspernatur.
39,2439 Edwin Mission North Novella DE,Port,Kuhlman Fork and Weldon Wall,Placeat modi voluptatem quae. Cupiditate iste vel non dolor consequatur porro aut enim. Culpa harum error excepturi. At ut aut delectus.,Rustic,"Concrete, Soft","Monday - Friday, 11:00am - 1:00pm",897.311.7216 x87090,https://ines.info,"Visa, Discover, MasterCard",Handcrafted Concrete,Mauricio Roberts,Ipsa dicta consequatur omnis. Dolores sint occaecati corporis corporis quae explicabo ut aut veniam. Adipisci et vel modi autem quo. Sed eum earum non laboriosam. Enim ullam occaecati aut porro error. Quidem aliquid ad quisquam laudantium illo perferendis eos et.,null
40,414 Wiegand Mount East Beauville AR,Ville,Damion Greens and Marilyne Rest,Eligendi tempora iure minima quia. In nihil perspiciatis iste nobis architecto. Aut omnis quis voluptatem quidem repellat dolorem. Expedita est illum voluptatem.,Unbranded,"Frozen, Rubber, Fresh","Monday - Friday, 6:00am - 4:00pm",1-789-884-9417 x3251,https://myriam.name,"Visa, Discover, MasterCard",Handcrafted Plastic,Roberto Brown,null,null
41,076 Tania Camp Port Jean NE,Fort,Greenfelder Union and Keebler Roads,Molestias ex sit recusandae facilis fugiat hic sequi sunt. Beatae aliquid quo debitis quam dignissimos. Voluptatem natus assumenda exercitationem aperiam architecto. Qui qui qui eos in est hic qui minus.,Generic,"Granite, Fresh, Rubber","Monday - Friday, 1:00am - 7:00pm",1-804-280-9527 x35296,http://gus.com,"Visa, Discover, MasterCard",Practical Rubber,Koby Schroeder,null,null
42,131 Pacocha Spurs Domenicaborough UT,Side,Raynor Squares and Katelynn Land,Magni dolores nam. Harum accusantium officia reprehenderit repudiandae aut temporibus dolorum mollitia cumque. Illum eligendi sit. Nobis nihil officia sed. Odit qui quis iste sed et molestiae voluptatem maxime ea. Esse aspernatur quia cupiditate aut illo enim eum ab.,Rustic,"Frozen, Soft","Monday - Friday, 1:00am - 4:00pm",(363) 927-3165 x775,https://reid.com,"Visa, Discover, MasterCard",Fantastic Wooden,Myah Nader,null,null
43,4844 Auer Drive Port Estevan CT,Shire,Hudson Greens and Aufderhar Meadows,Maiores quo ut voluptatibus aut eligendi. Temporibus autem labore ratione earum eos amet omnis. Laboriosam ad ad necessitatibus mollitia. Fugiat aut qui corrupti itaque ipsum iure officia sapiente cumque. Dolorum expedita vitae nihil placeat. Nesciunt qui odit sed dolores sapiente officia autem.,Rustic,"Cotton, Steel","Monday - Friday, 9:00am - 3:00pm",1-258-392-7051,https://elinore.net,"Visa, Discover, MasterCard",Licensed Granite,Allene Ullrich,null,null
44,32550 Vivian Point South Elsiechester ND,Ton,Green Turnpike and Evert Plaza,Dolore omnis alias et totam officia quis eaque culpa. Iusto veniam tempore fugit perspiciatis. Beatae inventore sapiente earum.,Refined,"Metal, Concrete","Monday - Friday, 8:00am - 1:00pm",(320) 200-9524 x3783,http://kristopher.name,"Visa, Discover, MasterCard",Tasty Soft,Zion Hackett,null,null
45,40890 Elton Way Heathcotefort AL,Burgh,Kirlin Squares and Harry Manor,Est facilis modi. Omnis omnis maiores quis quo doloribus ipsum numquam.,Gorgeous,"Concrete, Concrete, Rubber","Monday - Friday, 4:00am - 7:00pm",444.566.9509,http://birdie.net,"Visa, Discover, MasterCard",Unbranded Granite,Garret Rohan,Placeat et voluptatibus reprehenderit expedita sint ut nisi. Consequatur error quo non laboriosam molestias magni laboriosam nostrum. Pariatur error dolorem sunt non quis corporis. Quibusdam dolor explicabo voluptatem alias consequatur fuga minima dolorum dolorem. Optio molestias repellendus consequatur aut et modi. Aut dicta temporibus occaecati dolores.,null
46,994 Nettie Branch Lake Orrintown CA,Berg,Roselyn Junction and Ollie Glen,Et distinctio perspiciatis dolor qui laboriosam nulla dolorum exercitationem. Maxime vero adipisci nihil accusamus dolorem dolores et reiciendis nobis. Sunt iste ratione laborum iusto corrupti ut voluptatem. Rerum culpa aliquid fugiat.,Licensed,"Steel, Metal","Monday - Friday, 3:00am - 10:00pm",589.958.1267 x7487,http://jerome.org,"Visa, Discover, MasterCard",Awesome Plastic,Claude Koelpin,Voluptate laboriosam deserunt itaque accusamus ut sunt. Vero voluptatem fuga ea odit nam tempora perspiciatis omnis necessitatibus.,null
47,56082 Block Parks South Willstad WY,Town,Abernathy Ridges and Muller Bridge,Autem placeat asperiores at id et ratione debitis nobis tenetur. Repellendus voluptate deleniti dolores accusantium. Sint doloribus vel cumque odio in. Incidunt ut fuga consequatur cumque ut qui eos corrupti. Ad non sequi.,Small,"Granite, Concrete","Monday - Friday, 8:00am - 9:00pm",(917) 679-1703 x4832,https://isabell.biz,"Visa, Discover, MasterCard",Generic Steel,Hipolito Rohan IV,null,Et non provident et perferendis minima autem nobis asperiores. Debitis esse aut voluptatum. Voluptas velit tenetur dolores quasi beatae magnam libero. Excepturi aut earum libero eaque. Velit ut atque quis repellendus.
48,94117 Reichel Inlet New Kristopherbury MD,Ville,Alda Village and Eunice Point,Officiis laudantium delectus. Iusto accusantium beatae quibusdam voluptatem eligendi rerum debitis.,Refined,"Plastic, Metal","Monday - Friday, 7:00am - 2:00pm",123-938-7462 x247,https://bryce.org,"Visa, Discover, MasterCard",Intelligent Rubber,Silas Johns,null,null
49,3990 Dustin Forges Pollichville TX,Mouth,Christophe Plains and Fisher Forks,Quia impedit iure maiores expedita modi quis sed cumque. Quo quae saepe amet aliquid. Qui itaque possimus.,Gorgeous,"Frozen, Rubber, Wooden","Monday - Friday, 9:00am - 12:00pm",692-962-0555,https://annetta.net,"Visa, Discover, MasterCard",Handcrafted Plastic,Cedrick Pfeffer,null,null
50,20811 Murphy Path East Orrin KS,Shire,Arlene Underpass and Alejandra Stravenue,Dolor facilis qui sed. Et perferendis et voluptatibus eveniet architecto. In exercitationem molestiae. Aut ducimus consequatur soluta aut rem quaerat molestiae illum delectus. Rerum rerum corporis. Blanditiis aspernatur quo ut iure commodi et.,Small,Frozen,"Monday - Friday, 7:00am - 8:00pm",(993) 970-7327,http://donnie.name,"Visa, Discover, MasterCard",Intelligent Granite,Regan Zulauf Sr.,null,Quasi quisquam aut est architecto aperiam ut et. Tenetur amet quaerat fugiat et eveniet nihil aut expedita. Est ad tempore alias atque est ab labore accusamus enim. Ut non possimus. Aperiam et omnis similique eaque qui. Autem nihil ut suscipit cumque cupiditate voluptas nisi.
51,5762 Stephanie Ways Harveyshire NM,Shire,Delphia Alley and Hettinger Locks,Sequi perferendis accusantium minus labore iste explicabo reiciendis maiores. Id non eos esse ut aut. Harum repudiandae quia ea et distinctio impedit nihil ut. Quam et non. Voluptatem voluptatum odit odit ipsum.,Incredible,"Metal, Frozen","Monday - Friday, 1:00am - 6:00pm",1-196-932-8939,https://lamont.net,"Visa, Discover, MasterCard",Intelligent Metal,Candice Wisoky,Dolorem sunt dolores quae maxime repudiandae velit corrupti ut enim. Earum doloribus hic rerum placeat quo voluptatem blanditiis. Enim sapiente voluptates dolorum sed aperiam doloremque. Voluptate sed cupiditate molestias.,null
52,8633 Gladyce Land East Aron ME,Furt,Sallie Track and Bayer Islands,Reiciendis autem delectus non rerum ratione provident impedit. Quas dignissimos modi facere aspernatur laborum ut. Eum est est ut qui. Ea fuga ut quia et voluptas. Commodi sed delectus velit perspiciatis voluptatibus quia delectus sapiente.,Ergonomic,"Fresh, Granite, Wooden","Monday - Friday, 8:00am - 4:00pm",(527) 389-6308 x7813,http://beryl.info,"Visa, Discover, MasterCard",Unbranded Fresh,Mrs. Paris Rath,Est quod voluptatem expedita laudantium laudantium. Deserunt qui nostrum. Eligendi reprehenderit facere ut est natus.,null
53,345 Leo Course Jamilside HI,Ton,Armstrong Mews and Geraldine Spring,Modi quis ea aut laudantium. Eos ea placeat soluta. Molestiae vel dolore et. Velit placeat voluptatum provident nihil. Iste ut temporibus cum minima eos ut itaque. Repudiandae illum excepturi omnis nam minus.,Small,Wooden,"Monday - Friday, 3:00am - 3:00pm",794.865.1309 x8313,http://corene.net,"Visa, Discover, MasterCard",Generic Soft,Freeda Rogahn,Repudiandae quod ut quia illo repellendus. Cumque odio odit blanditiis necessitatibus iusto.,null
54,830 Nolan Hollow West Olaside AR,Fort,Shields Circles and Wyman Lodge,Expedita voluptates qui id culpa doloribus expedita omnis. Rerum nisi voluptate perspiciatis qui quidem libero quis. Est corporis qui molestias perspiciatis quo ea ea aut temporibus. Dolores dolore sit laboriosam deleniti eum commodi molestias aut.,Awesome,Soft,"Monday - Friday, 12:00am - 1:00pm",(119) 556-7090 x989,https://wilfrid.info,"Visa, Discover, MasterCard",Handmade Metal,Boyd Krajcik,null,null
55,84523 Cordell Well Tyrellfurt OK,Berg,Mekhi Fork and Doyle Orchard,Ad ut id quis quas repellat nihil accusamus sequi. Ea sint dolor aut in laborum at quod distinctio. Eos et sint ullam in est necessitatibus.,Rustic,"Granite, Frozen, Frozen","Monday - Friday, 11:00am - 7:00pm",688-472-4306 x04023,https://easter.org,"Visa, Discover, MasterCard",Handcrafted Plastic,Alfonso Grady PhD,null,null
56,613 Wolff Common Bayerside ND,Stad,Guillermo Ramp and Wolff Gardens,At alias incidunt excepturi reiciendis error et. Vero illo rerum molestias. Molestias beatae adipisci deleniti facilis eveniet.,Handmade,"Wooden, Steel, Fresh","Monday - Friday, 2:00am - 9:00pm",(999) 425-6379 x6518,https://joyce.info,"Visa, Discover, MasterCard",Handmade Granite,Hazel Herman Jr.,null,null
57,816 Kulas Canyon Ornburgh SD,Furt,Bashirian Track and Klocko Forges,Dolores id iure perspiciatis qui et dignissimos. Rerum illum ab voluptates. Eum at voluptate aut ab.,Refined,"Plastic, Fresh, Soft","Monday - Friday, 11:00am - 12:00pm",1-272-501-5223 x5609,http://tito.name,"Visa, Discover, MasterCard",Intelligent Soft,Cleta Frami,Quo eos quos. Quo cumque qui nisi. Nihil libero corporis provident omnis voluptatem voluptatibus reprehenderit laboriosam velit. Labore ea unde. Est non ut tempore rerum deserunt quo quo. Recusandae maxime laboriosam at libero in et voluptatem eum velit.,null
58,6349 Jast Cape Hudsonmouth CA,Fort,Thiel Wall and Jermey Harbors,Ullam laboriosam impedit non dolores. Explicabo odit molestias ut dolorem voluptatem sunt suscipit. Placeat veniam mollitia quis explicabo ut et voluptatem quo.,Licensed,"Fresh, Wooden, Rubber","Monday - Friday, 3:00am - 10:00pm",584-565-7941 x5905,http://jayda.com,"Visa, Discover, MasterCard",Gorgeous Plastic,Dave Howell,null,null
59,72103 Gust Ports South Lily IL,Ville,Brekke Vista and Kertzmann Port,Perferendis doloribus quia delectus et magnam error fuga. Iusto rerum est et nisi. Nemo omnis modi nostrum consectetur expedita voluptates alias enim commodi. Quia aliquam enim non sed quidem modi. Veniam magnam dignissimos.,Handcrafted,Soft,"Monday - Friday, 6:00am - 10:00pm",880-803-4554,https://sabrina.net,"Visa, Discover, MasterCard",Rustic Frozen,Gay Schinner,Sit iste qui aut et. Qui harum quo et autem voluptas perspiciatis velit.,Et autem pariatur. Voluptatem quaerat ratione voluptatem quis consequatur delectus dolor. Porro nobis consequatur.
60,7492 Hermann Crossing New Serena MI,Mouth,Lucienne Dale and Wilkinson Road,Quas enim amet maxime sequi provident. Illum eveniet vel excepturi quas. Aut excepturi deleniti harum qui. Rerum molestiae maiores repellat non sit. Voluptatum ullam eos porro pariatur. Dolor impedit dolorem.,Refined,Metal,"Monday - Friday, 9:00am - 1:00pm",746-602-7776,https://ashly.org,"Visa, Discover, MasterCard",Sleek Soft,Pauline Cummerata,null,null
61,67441 Jenkins Extension Estebantown PA,Berg,Audreanne Park and Daren Neck,Voluptas qui id amet ullam aperiam modi illum. Temporibus quasi incidunt est qui aut. Nesciunt iste est aut dolorem dolorum cupiditate beatae officiis facilis. Doloremque rerum facilis est voluptatem.,Small,"Wooden, Wooden, Cotton","Monday - Friday, 10:00am - 9:00pm",198.837.1628 x9441,https://amos.net,"Visa, Discover, MasterCard",Rustic Cotton,Kamille Muller,null,null
62,86568 Leland Center Walshbury ME,Burgh,Martina Mall and Bernhard Rest,Voluptatum amet omnis voluptatum quia. Cupiditate explicabo excepturi architecto exercitationem. Enim quisquam quos quia tempore et excepturi similique reprehenderit. Qui quibusdam est. Optio id ut atque quis quo magnam.,Generic,"Plastic, Metal","Monday - Friday, 2:00am - 11:00pm",771-928-3025 x56026,http://julio.com,"Visa, Discover, MasterCard",Gorgeous Metal,Abigail Heidenreich,null,Aut beatae et odio dolorum et modi non sint alias. Magnam magni dignissimos ipsum iste ut.
63,99126 Lyric Island North Maribelborough AK,Bury,Francesco Light and Garrett Expressway,Illum aut reprehenderit sunt. Aliquid consequuntur eum nemo dicta. Quos at suscipit maiores numquam ut consequatur. Delectus distinctio ipsa odit.,Awesome,"Granite, Soft, Steel","Monday - Friday, 9:00am - 1:00pm",663-005-8749 x930,http://yvonne.net,"Visa, Discover, MasterCard",Gorgeous Soft,Layne O'Keefe,Sunt dolorum totam aut illo ullam consequatur. Veritatis architecto optio illo laborum. Omnis a hic sit voluptatum facilis architecto quod.,Harum ipsa et minus. Est eos sit aliquam unde aut rerum non nihil nam. Cum omnis delectus maxime voluptas minus iste.
64,3547 General Dam New Eulalia NM,Furt,Flavio Dam and Desiree Mews,Et cum quisquam esse. Minima dolor necessitatibus quibusdam quae nulla sed voluptatem. Debitis culpa ducimus blanditiis quidem atque totam.,Intelligent,"Frozen, Metal","Monday - Friday, 9:00am - 5:00pm",589.665.5036 x12581,http://doug.name,"Visa, Discover, MasterCard",Generic Frozen,Miss Karley Wiegand,null,null
65,17324 Dicki Trafficway Cristinamouth MA,Mouth,Eleanore Landing and Lockman Track,Maxime distinctio exercitationem animi officiis architecto labore fuga deserunt et. Officia odio laboriosam error id sunt saepe. Quibusdam qui libero magnam deserunt ab nisi amet exercitationem. Deleniti similique dolor nisi. Possimus saepe odit ut eveniet asperiores consequatur odio aperiam enim.,Generic,Cotton,"Monday - Friday, 3:00am - 7:00pm",1-200-387-1301,https://noelia.info,"Visa, Discover, MasterCard",Incredible Rubber,Hayden Kutch,null,null
66,993 Mohr Passage McLaughlinport NY,Stad,Koelpin Estate and Johns Cliffs,Minima qui et et sed. Ut at laborum architecto. Hic id eaque accusamus quidem aut. Dolorum magnam qui numquam. Sed consequatur corrupti vitae repudiandae doloribus molestias porro.,Gorgeous,"Granite, Metal","Monday - Friday, 11:00am - 11:00pm",319.987.9517 x0283,http://curt.info,"Visa, Discover, MasterCard",Incredible Granite,Miss Jordan Von,null,Facilis atque sit. Et qui velit. Quo aliquid magni ea quos repellendus velit quo magnam. Optio dolores maiores veniam dolorem unde illum iusto aspernatur aspernatur. Illo temporibus dolorem.
67,1831 Agustin Cape Hortenseport NV,Land,Connelly Brooks and Spinka Extension,Velit sed sed officia iste consequatur quo et ducimus neque. Ipsam voluptas voluptas. Ducimus molestiae et.,Handcrafted,"Rubber, Wooden","Monday - Friday, 8:00am - 4:00pm",1-960-667-4657,https://schuyler.com,"Visa, Discover, MasterCard",Handcrafted Wooden,Mr. Darius Ferry,null,null
68,0718 Hope Extension East Leochester MD,Borough,Alec Turnpike and Ellis Isle,Quia sed dolor. Non quod similique non deleniti. Excepturi commodi enim. Quae quis et quod accusantium delectus ut eveniet.,Licensed,"Rubber, Metal","Monday - Friday, 3:00am - 8:00pm",(116) 865-5355 x4527,http://torey.info,"Visa, Discover, MasterCard",Handcrafted Frozen,Mabel Zemlak,Culpa praesentium quaerat earum quam ad est ut. Rerum id velit et aut est porro.,null
69,6829 Bergnaum Villages Lake Elijahberg MT,Shire,Hayes Ports and Wilburn Rue,Aut dolorem perferendis sunt vel minus iusto et fugiat. Libero distinctio minima cupiditate. Cumque odit et aut illo itaque nam molestiae consequatur odit.,Ergonomic,"Soft, Cotton","Monday - Friday, 5:00am - 3:00pm",(408) 033-0406 x047,http://haylie.net,"Visa, Discover, MasterCard",Intelligent Steel,Mrs. Cydney Crooks,null,null
70,7394 Tony Shore West Amosport VA,Burgh,Schroeder Club and Florine Crossing,Qui dicta placeat doloremque quas iusto aut molestias quae tempore. Facilis ea in sunt praesentium expedita non nihil. Alias modi sunt et id sequi. Mollitia et incidunt non et possimus.,Small,"Metal, Metal, Cotton","Monday - Friday, 5:00am - 7:00pm",1-229-128-4051 x980,https://marlen.net,"Visa, Discover, MasterCard",Practical Metal,Jameson Quitzon,Consequuntur veniam vero. Iusto aperiam illo numquam sed.,null
71,868 Quinten Trail New Katelynn MN,Borough,Tremblay Lodge and Runolfsdottir Crescent,Et voluptatem accusantium consequatur aut ipsum earum animi quia. Magnam dolores est quidem minima quod recusandae error. Sed id voluptatibus rerum inventore sed eos in. Voluptas laborum ut alias ut dolor. Fugiat minima tempora quia aut atque.,Sleek,"Wooden, Wooden","Monday - Friday, 3:00am - 4:00pm",167-851-0399 x925,https://lavina.biz,"Visa, Discover, MasterCard",Handcrafted Concrete,Luther Hilll,Beatae ratione cum animi eum. Aut voluptas quibusdam dolores dolor vel. Eos soluta quia commodi architecto et omnis qui dolores.,Quasi perferendis minus praesentium iste id hic et voluptas aspernatur. Quis illo quibusdam ab velit qui quae quia.
72,45751 Schmeler Tunnel South Deangelobury MI,Bury,Coy Port and Parker Inlet,Tempore sapiente quas. Quia consequatur non dicta repudiandae laboriosam. Fugiat et non in voluptas sint voluptatem nemo placeat a. Dolores eligendi omnis id. Corporis beatae reprehenderit necessitatibus qui. Hic et voluptatem.,Handmade,"Concrete, Soft","Monday - Friday, 7:00am - 9:00pm",(164) 895-5876,http://jeremie.org,"Visa, Discover, MasterCard",Small Granite,Furman Mayer,null,null
73,7974 Stanley Well East Nicolettestad AR,Side,Blanda Mission and Dangelo Squares,Dolore laborum odio itaque reprehenderit culpa dolore. Tempora amet ea et laboriosam earum voluptas enim.,Licensed,"Frozen, Metal, Plastic","Monday - Friday, 6:00am - 4:00pm",(066) 249-8711,http://tristin.info,"Visa, Discover, MasterCard",Practical Concrete,Jessie Kunde Jr.,null,null
74,86099 Kessler Cliffs West Melyna VT,Shire,Matilda Circles and Chet Meadow,Iusto dolor voluptatem. Facere blanditiis voluptatibus sed fugiat.,Generic,Metal,"Monday - Friday, 4:00am - 3:00pm",128.293.7705 x04146,https://terrance.net,"Visa, Discover, MasterCard",Rustic Frozen,Jaydon Herzog,null,Quos ut doloribus eos soluta. Quia consectetur est sit est quo voluptatibus. Explicabo et totam hic totam. Tempore quas illum exercitationem perspiciatis id ipsum incidunt qui quis. Facilis reprehenderit aspernatur repudiandae aut blanditiis. Fugit repudiandae enim perferendis.
75,33576 Elyse Via Angelitaview DE,Port,Rogahn Landing and Trever Locks,Esse voluptatem et beatae minus. Velit excepturi asperiores aut nihil alias ullam rem ullam libero.,Licensed,"Soft, Soft","Monday - Friday, 8:00am - 11:00pm",1-655-697-4548,https://francesco.biz,"Visa, Discover, MasterCard",Handmade Soft,Miss Millie Klocko,null,null
76,73596 Hegmann Walk Lake Ednaside AR,Borough,Marley Avenue and Dejon Islands,Neque ad dolorem dolorum vitae laudantium. Nemo dignissimos dolores ullam a. Vel aut quam. Illum temporibus voluptatum tempora facilis repudiandae exercitationem et culpa minima. Optio autem sit iste aut mollitia nulla ullam consequatur. Voluptatem vero sequi.,Sleek,"Rubber, Plastic, Granite","Monday - Friday, 8:00am - 4:00pm",(215) 386-9442,http://johnathan.com,"Visa, Discover, MasterCard",Unbranded Granite,Dr. Ila Windler,Ipsam sapiente voluptate dolor voluptas quidem. Ullam necessitatibus et ut distinctio dolorem eius iste.,null
77,26594 Baumbach Trace South Arvilla MD,View,Tressie Locks and Schuster Shores,Voluptas quis aut excepturi eum. Dolores sed molestiae aut repellat facilis esse libero blanditiis aut. Est molestias sint enim officiis velit dicta amet quo. Nostrum tempora labore dignissimos quia consequatur temporibus quaerat corporis. Magni saepe voluptas omnis accusantium. Distinctio exercitationem recusandae voluptatem consectetur.,Tasty,"Granite, Steel","Monday - Friday, 8:00am - 7:00pm",1-494-649-0209,http://raul.info,"Visa, Discover, MasterCard",Refined Cotton,Mr. Ezra Crist,null,null
78,115 Ephraim Oval New Shaniya NV,Bury,Verner Walk and Oberbrunner Junctions,Ipsa voluptatem distinctio sed rem sunt quia iusto. Animi velit eos quam est repellendus animi. Sint est est quaerat dicta consequatur tempora architecto animi nihil. Placeat velit et molestiae facere similique quia odio molestiae atque. Nam sint sapiente rerum voluptates. Sint perferendis sit fuga.,Licensed,"Plastic, Wooden","Monday - Friday, 11:00am - 11:00pm",1-502-464-3253 x469,http://darien.net,"Visa, Discover, MasterCard",Licensed Granite,Hildegard Wuckert,null,Eos nihil voluptatem. Illo ut amet quia minima earum blanditiis asperiores maxime. In vel hic ex. Eos voluptatibus amet quam eum recusandae quae. Nesciunt error quia error culpa.
79,09239 Chelsie Wells Leannonhaven NC,Port,Rahsaan Hill and Luettgen Mount,Ut ea sit. Mollitia sed non non voluptas aut neque neque cumque iusto. Maiores quibusdam quisquam voluptas.,Rustic,Steel,"Monday - Friday, 3:00am - 7:00pm",(162) 342-5271 x337,https://loraine.info,"Visa, Discover, MasterCard",Gorgeous Rubber,Royal Gaylord,Illo quae omnis qui unde sit dolore. Doloribus non ut. Similique ex asperiores omnis molestiae et voluptatibus tempora. Esse enim et sit maiores maxime.,null
80,280 Cole Branch Wittingchester MT,Port,Lubowitz Junction and Schowalter Causeway,Itaque ut voluptate dolores sed. Accusamus quaerat nihil. Accusantium illum animi deleniti repellendus doloremque non quidem. Tenetur aut velit quod eos voluptate et sed ut sunt. Eum dolores distinctio repudiandae ad. Voluptatem at amet laudantium.,Ergonomic,"Cotton, Soft, Steel","Monday - Friday, 7:00am - 7:00pm",569-598-0322,http://alyson.biz,"Visa, Discover, MasterCard",Unbranded Frozen,Ms. Dario Dickinson,null,null
81,230 Durward Hollow Smithamfort CA,Ton,Fritsch Port and Orlando Inlet,Modi quia vel. Ea repellat aspernatur excepturi ad veniam. Dolor vel commodi vero id provident quia est unde. Est quasi cum tempora reprehenderit saepe pariatur. Et et doloremque assumenda non. Aut mollitia non laudantium suscipit.,Gorgeous,Metal,"Monday - Friday, 8:00am - 7:00pm",1-097-064-8652,http://maia.biz,"Visa, Discover, MasterCard",Handmade Soft,Ms. Gideon Shields,null,null
82,459 Wiza Trail Enolachester MD,Furt,Ebony Parks and Velma Meadow,Vitae quibusdam labore. Velit laborum magni et et temporibus quasi.,Gorgeous,Fresh,"Monday - Friday, 11:00am - 4:00pm",1-058-401-5846 x771,http://wilburn.com,"Visa, Discover, MasterCard",Fantastic Metal,Cruz Trantow,null,null
83,54501 Magnus Hills Venafurt NM,Haven,Abagail River and Casper Landing,Sit quibusdam corrupti assumenda aut molestias blanditiis. Aliquam natus necessitatibus. Reiciendis animi et accusamus optio ullam sit occaecati. Quas ipsam ut.,Tasty,"Granite, Plastic, Concrete","Monday - Friday, 8:00am - 3:00pm",849-101-5022,http://wyman.com,"Visa, Discover, MasterCard",Gorgeous Soft,Sigmund Daugherty IV,Sunt sed tempore autem. Sit deserunt sed non ipsam eum dolorum qui.,null
84,48121 Mante Lane South Leopoldoton CA,View,Brooks Track and Zander Heights,Quaerat sed eum consequatur eaque ut quam. Sed voluptatem ratione autem a nam hic. Rerum veritatis sed.,Handmade,"Steel, Frozen","Monday - Friday, 3:00am - 2:00pm",579.683.1312 x21439,https://daren.name,"Visa, Discover, MasterCard",Gorgeous Granite,Keven Hamill,null,Exercitationem voluptatem ut eligendi doloribus sit veritatis repellendus quis. Quo eaque eaque quia. Porro vel quam.
85,73137 Effertz Roads Estefaniaport AZ,Ville,Art Flats and Reece Mount,Atque deleniti et. Voluptas rerum autem porro sapiente aut rerum quia eum. Eum vero pariatur et est voluptas. Expedita eligendi vel. Quia voluptatem libero eum numquam ut itaque corrupti porro.,Fantastic,"Rubber, Soft","Monday - Friday, 3:00am - 7:00pm",569-926-1448,https://abigale.info,"Visa, Discover, MasterCard",Fantastic Plastic,Thaddeus Haag,null,null
86,956 Batz Square Hackettmouth NH,Berg,Rowland River and Toney Roads,Ex aliquam ipsam sit. Sint facere aut.,Gorgeous,"Concrete, Fresh","Monday - Friday, 6:00am - 1:00pm",234.401.3635 x93508,http://lance.name,"Visa, Discover, MasterCard",Small Metal,Carmel Blick,Qui et autem. Officia porro ut quod. Eaque aliquid dolores dolorem animi odio ut dicta aliquid enim. Exercitationem aut quod molestiae id voluptates. Voluptatibus vel dolores accusamus.,null
87,80300 Herzog Ports Shakirabury VA,Mouth,Eryn Extensions and Heber Valleys,Molestiae numquam labore suscipit tenetur nam sed totam quae distinctio. Voluptates neque sed veritatis laboriosam voluptate. Est expedita qui dolore nihil sunt occaecati. Vel ut deleniti nobis sit aspernatur suscipit.,Generic,"Wooden, Granite","Monday - Friday, 12:00am - 7:00pm",(191) 113-8808,http://chadd.biz,"Visa, Discover, MasterCard",Generic Concrete,Ned Davis,null,Odit quasi nisi dignissimos nisi in impedit. Dignissimos sit quas ullam sapiente beatae est sequi rerum ut. Non laborum optio itaque vel sint nesciunt. Molestias praesentium earum culpa quod vero qui nostrum harum. Temporibus iusto aut voluptatem aut alias quia in qui. Corrupti non quos et est minus ut quo veritatis quam.
88,0613 Howell Roads Adashire NH,Berg,Emmerich Estates and Koss Land,Autem saepe atque et molestiae laudantium rerum. Non enim nobis occaecati tempore id molestiae quia id culpa.,Tasty,Cotton,"Monday - Friday, 10:00am - 11:00pm",926.876.7702 x433,http://ari.net,"Visa, Discover, MasterCard",Handmade Soft,Alexandre Leannon,null,Nisi qui non. Dolorem harum et cum libero eaque vel ea. Quis blanditiis ratione labore architecto dicta commodi eos.
89,39965 Hamill Wells East Julianneside NV,Mouth,Conroy Ville and Abbey Common,Similique et sit tempore non in iste. Quia voluptas est laboriosam et ut eos sed voluptas quod. Blanditiis optio consequatur dolorem id veritatis pariatur vel sit. Recusandae error sunt sint repudiandae ducimus nihil. Dolores illum corporis voluptas autem repellendus et rerum. Velit aut soluta modi.,Tasty,Steel,"Monday - Friday, 12:00am - 11:00pm",1-028-139-2027 x4629,https://kathryne.net,"Visa, Discover, MasterCard",Refined Concrete,Adeline Schulist,Aut quas aspernatur temporibus minima. Ullam ut perferendis rerum non quia recusandae dignissimos mollitia. Tempora eveniet ad numquam saepe animi maiores assumenda consequatur nihil. Ut impedit rerum eveniet ea. Quibusdam nulla sequi et sapiente explicabo quia ut nisi. Qui rerum vero aperiam qui hic ut.,null
90,57339 Price Glens Isomview KS,Land,Dickens Mount and Zieme Court,Id tempora pariatur vel dolores. Ex soluta a at ipsum necessitatibus aut vitae maxime placeat. Sequi autem neque. Quae est aliquam dolores perspiciatis repudiandae rerum architecto.,Sleek,"Steel, Fresh, Metal","Monday - Friday, 6:00am - 3:00pm",1-102-985-5242 x078,https://alisha.com,"Visa, Discover, MasterCard",Practical Plastic,Mrs. Isadore Hyatt,null,null
91,88339 Volkman Trace Lake Leone WV,Mouth,Schimmel Drives and Mariah Shoal,Quod illo blanditiis blanditiis quia. Omnis eligendi porro molestias et. Reiciendis est veritatis ad quidem autem omnis voluptatum error. Dolore explicabo vel voluptas perspiciatis.,Fantastic,"Wooden, Frozen","Monday - Friday, 8:00am - 3:00pm",1-897-604-3467 x73299,http://fatima.name,"Visa, Discover, MasterCard",Unbranded Fresh,Moshe Schneider,Et accusamus nesciunt totam magni blanditiis repudiandae. Ratione autem quos amet tempore sequi ducimus molestias explicabo.,null
92,17061 Bailey Radial South Adelbert SC,Borough,Kohler Mountain and Jast Glen,Sit repellat tempora voluptatibus asperiores nihil et voluptas. Neque eum fugit.,Awesome,"Soft, Wooden","Monday - Friday, 11:00am - 3:00pm",912-495-4019,http://garland.com,"Visa, Discover, MasterCard",Small Granite,Frieda Jacobs,Suscipit aut officiis cum quo recusandae. Consequatur eveniet non aut.,null
93,6640 Grant Gardens East Kylefurt WA,Haven,Madaline Stravenue and Ubaldo Light,Vitae aliquid exercitationem qui et nemo aut. Alias voluptas mollitia aut fugiat error qui odio. Reiciendis deleniti et fugiat aut quia. Iusto tenetur aut eum eius cumque qui. Et ut accusantium expedita et amet.,Refined,Concrete,"Monday - Friday, 4:00am - 7:00pm",1-768-638-6548 x0157,https://joan.net,"Visa, Discover, MasterCard",Handmade Granite,Lois Volkman,null,Ullam magni aliquid debitis est esse labore cumque. Voluptatem animi omnis aut quo. Consequuntur porro dolores ullam odio suscipit dolorem quia ipsa. Asperiores illo blanditiis totam quia quidem fugit voluptas sunt recusandae.
94,497 Esperanza Station Schimmelton IN,Side,Edmond Place and Weimann Tunnel,Placeat dolore eaque exercitationem mollitia. Voluptas similique quidem. Sit id qui commodi occaecati iusto.,Tasty,Cotton,"Monday - Friday, 9:00am - 12:00pm",777-786-2099 x35804,https://edythe.net,"Visa, Discover, MasterCard",Small Plastic,Montana West,null,null
95,03314 Haag Rapid West Elroyside SD,Bury,Armstrong Flats and Hauck Passage,Iusto necessitatibus libero minus natus nostrum suscipit quos id vitae. Eos ullam explicabo laboriosam iure nisi sint. Aperiam tempora iure tempora molestias ipsum dolores et nobis.,Handcrafted,Cotton,"Monday - Friday, 8:00am - 7:00pm",371-574-1088,https://johnnie.info,"Visa, Discover, MasterCard",Incredible Metal,Dianna Beatty,Neque pariatur dolor possimus natus. Quidem et vero quaerat quae nisi aut beatae natus.,null
96,860 Orie Point Schusterhaven NY,Stad,Dejon Ville and Karl Cove,Est similique architecto suscipit nisi maxime consequatur. Aspernatur sunt provident. Non dolorem dolorem minima aliquid velit repellat. Quibusdam dicta deleniti.,Intelligent,"Metal, Fresh, Concrete","Monday - Friday, 1:00am - 11:00pm",1-762-002-5082 x7706,http://otto.com,"Visa, Discover, MasterCard",Rustic Rubber,Andreanne Zboncak,null,null
97,30115 Watsica Trace Johnsshire NM,Bury,Gene Plains and Bradford Highway,Autem quia veritatis aliquam. Velit optio nam ipsam eius. Et hic veritatis. Rerum labore consequuntur.,Licensed,"Cotton, Cotton","Monday - Friday, 9:00am - 10:00pm",(914) 092-7312,https://estella.info,"Visa, Discover, MasterCard",Handmade Plastic,Bernadine Oberbrunner,null,null
98,516 Frami Forest Tracyton ME,Shire,West Wall and Zita Throughway,Omnis esse occaecati eius et tenetur. Quisquam corporis nulla voluptate qui accusantium perferendis aut fuga. Doloremque vero repudiandae delectus voluptatem consequatur. Mollitia sequi optio sequi minus minima in. Sit repellat architecto velit aliquam.,Generic,Fresh,"Monday - Friday, 4:00am - 4:00pm",1-054-781-0414 x861,https://cara.net,"Visa, Discover, MasterCard",Handcrafted Concrete,Sylvan Mann,null,Non sapiente iure qui at cum accusantium magnam ipsum modi. Sed modi dicta explicabo temporibus quia quo blanditiis temporibus facilis. Vero hic esse explicabo cumque quia sed unde tempore corporis. Et impedit a voluptate repellat dolor necessitatibus. Qui quis et reprehenderit harum aliquid molestiae ut.
99,179 Emma Shoal Port Minervaberg HI,Burgh,Huels Creek and Luis Burg,Est nam quia. Debitis id non aut unde est repellat labore placeat. Voluptatibus earum et voluptas.,Ergonomic,"Soft, Metal, Soft","Monday - Friday, 8:00am - 5:00pm",236.470.5854,http://karolann.com,"Visa, Discover, MasterCard",Intelligent Frozen,Faye Weimann,Et libero molestiae voluptatum harum ut. Sit aut cupiditate voluptatibus temporibus neque. Consequatur voluptas optio commodi repudiandae accusamus non rerum.,null
100,93345 Dejuan Mountain New Raoul RI,Stad,Dell Streets and Quitzon Island,Qui dolorum repellat sint et et dolores repellat in. Cum id illum eum iste hic totam fugit blanditiis.,Ergonomic,"Cotton, Rubber, Rubber","Monday - Friday, 6:00am - 12:00pm",883-242-7890 x8465,http://reva.info,"Visa, Discover, MasterCard",Licensed Frozen,Jerome Altenwerth,Qui sequi quos et laborum quia. Similique totam qui ut sint harum maxime sit adipisci asperiores. Quaerat quidem adipisci libero molestias excepturi rem iure magnam vel. Libero facere vel velit sed reprehenderit tenetur ut veniam. Reprehenderit mollitia enim porro.,null
